y,yhat,yhat_baseline
-0.0031795020986632367,0.0,0.0
-0.0008936553035215807,2.692123925194957e-6,2.6942229804885054e-6
-0.000965234478630215,3.4893218179923245e-5,3.350445443395257e-5
-0.0038642805108659705,0.00014948477667081064,0.00014482334873789374
0.0006648576344392575,0.00039727886597171094,0.0003881160477750673
-0.0021300237693331657,0.0008204778895355983,0.0008046444687076667
-0.0019951997768829035,0.0014514444228560025,0.0014265235066220244
0.008325017589649488,0.002319036970502927,0.002283939149048379
0.001412636165850223,0.0034359130940917358,0.003387767736062444
0.004238028124456046,0.004780369681881508,0.004716719164512957
0.002146699842097459,0.006304347162263122,0.006226694958825297
0.005472252542809933,0.007953207869691248,0.007867342505032364
0.011047636487879464,0.009679207467708681,0.009603929449188258
0.011162501065006682,0.011420225164591345,0.011384691457261622
0.01730720337969547,0.013119476643498572,0.013162720605636542
0.015952397694399167,0.014734771982183379,0.014903669760401823
0.019367991660991297,0.01623077768046959,0.016579058278793444
0.023590368950393528,0.01758382853800393,0.018168146231552558
0.023174660119642903,0.018762754890853314,0.01963794528755841
0.022789756858620395,0.019747305141029514,0.020968550953828984
0.030311157065297502,0.020536956414961813,0.022158322288487107
0.029539641677237785,0.021138434959427164,0.023209956729103948
0.029028234667830218,0.021529260058742918,0.024093436291265098
0.025247347816850674,0.021690172788065485,0.024785487355380612
0.021007015678276772,0.021632176731360017,0.02528668685580088
0.016342943027762295,0.02139229823509153,0.025626180963142887
0.006656855267396758,0.02099258826880941,0.025812609610706715
-0.005040173883306332,0.020472956275247582,0.025878221621890015
-0.012938087748552205,0.019881371325758606,0.025863536066376182
-0.02737706166229695,0.01925262638998049,0.025797029007349155
-0.044927685904734505,0.018589886251994425,0.025675817618064426
-0.06157614029632727,0.0178922200740243,0.02549063823856037
-0.07655704446425675,0.01717141609685381,0.025246978342650946
-0.09526313629749314,0.016461773868789678,0.024971183114526983
-0.10818269595263688,0.015780567368035913,0.02467418007888357
-0.12610416050709172,0.015117070304969572,0.024339454517375188
-0.14488310537954277,0.014463273850927544,0.02395351491939295
-0.1587609478447651,0.013818067843614048,0.023512872414406197
-0.1719410166848455,0.013181647219798434,0.023013931983385118
-0.18478150043056604,0.012540981940510064,0.022443971962747094
-0.19301439485035315,0.011877442627769012,0.021786085734709804
-0.20189734037654686,0.011151924696015746,0.02100567468071563
-0.20777047918394387,0.010287388549004366,0.020031660159400055
-0.2104569837446215,0.009199901419470252,0.0187878891220256
-0.21358171878897717,0.007786937289542634,0.017172304400295532
-0.21337683414713643,0.005951660890206045,0.015099110791675197
-0.21493001425603522,0.003617264665211166,0.012501034860218209
-0.20634971422046341,0.0007440137276060726,0.00936459159797252
-0.20276680043922535,-0.0026752901511661003,0.005656405032435402
-0.19314963434689378,-0.0066122555936886955,0.0014060059363583653
-0.18610698084548516,-0.010996857767511735,-0.003320173604969055
-0.17736902282411837,-0.015732652047052837,-0.008429998099564944
-0.16872079984599164,-0.02068533748947642,-0.013791568754411484
-0.15556806751164298,-0.025691698034912083,-0.01922319846694454
-0.1496133280207371,-0.030565428973652938,-0.024534886088869973
-0.13642136334845315,-0.035127924039507895,-0.02955162215624378
-0.13231103476728787,-0.03922570953684984,-0.03410420717314261
-0.11966574727094981,-0.04272983386964856,-0.038082385922185054
-0.10777743155269698,-0.04553144175375519,-0.04140004574570176
-0.09791858278933237,-0.047504599197937904,-0.04391104011711982
-0.08752626301237651,-0.04852549214926954,-0.0454870167722565
-0.07730851753989279,-0.048492793033393836,-0.0460218282053368
-0.06576866103369983,-0.04735733100789672,-0.045468736272594464
-0.05127629705755485,-0.045161207069469696,-0.04386275792923138
-0.038779631047249206,-0.04202276515274197,-0.04132307034408249
-0.029910629227095115,-0.03811911467074937,-0.03802460889250098
-0.01074812188769772,-0.03364034049841013,-0.03414567209870362
-0.002394135441342679,-0.028757283357104486,-0.029851106666680078
0.010132749258074244,-0.023645985663404243,-0.02534066053863188
0.018658163037620242,-0.018501788960656927,-0.020804193799937393
0.03225096415403198,-0.013519543333725952,-0.016432424731078612
0.041519473076364895,-0.008857765899367143,-0.012399992359442863
0.05601392785373762,-0.004678800784765667,-0.008855603184538837
0.07027232777125346,-0.0011487591528051265,-0.0059267404608382805
0.07931422092109203,0.0015995323812278723,-0.0037751866089131346
0.09523924369661595,0.003438381173016427,-0.0025259968250465436
0.10912796387158863,0.0042576575967996815,-0.002300807289544379
0.12277613273174805,0.003982426657476229,-0.003183156378399032
0.13019938325469685,0.002593960624969105,-0.00519649288366285
0.14046413942012356,0.00012507106720763194,-0.008304072258005097
0.1594115902304145,-0.003341770419927297,-0.012428019760904258
0.16313360076930708,-0.00769860405127431,-0.017456149038199406
0.17615507587358975,-0.012802649389656378,-0.02324326866038
0.18485856400003184,-0.01849631638996483,-0.029626599140893637
0.19768789398565154,-0.02462589085288205,-0.036453553039467686
0.2039708786196406,-0.03102686147980287,-0.043543033106257074
0.2134228653000804,-0.03753730157160155,-0.050694433772514744
0.22476918272766047,-0.044013313120139806,-0.0577742600483296
0.23142412439162025,-0.050342013557196266,-0.06466266600510003
0.23742937956821056,-0.05640457882712682,-0.07122837210040432
0.24588404190841973,-0.062088183928054284,-0.07734336557125784
0.24536374318139798,-0.0673157366448407,-0.08291131705219262
0.25331490758022646,-0.07201228080490264,-0.08786926903723562
0.25175959151348676,-0.07612234606790576,-0.09215508351973097
0.2494057307177417,-0.07963937647340433,-0.09576693770302652
0.253183605031442,-0.08260728874613386,-0.0987356143603301
0.24983584383256485,-0.0851213585188969,-0.10116562020644217
0.24616436422519397,-0.08727403117519006,-0.10315157415275668
0.24125832248995918,-0.08919170100344331,-0.10482768537870603
0.22856068627770393,-0.09103580462671705,-0.10635563630861052
0.21986904467947532,-0.09295042778259288,-0.10789636145302506
0.20737280804865277,-0.09505850759249275,-0.10958804301821626
0.1896858554804117,-0.09750282518758673,-0.1115760056579751
0.17384146278259532,-0.10040914690515626,-0.11400585892016497
0.158179367636162,-0.10386087991981977,-0.11697512904151787
0.13353611195774892,-0.10790785399267205,-0.12054262107251038
0.10728170684482902,-0.11255663722741326,-0.12473101926571727
0.08658992764240175,-0.11778639611307928,-0.12953046033753698
0.05955864356104428,-0.12354608146468832,-0.13489782283772703
0.03478702529154994,-0.12977304550898178,-0.14080972900966934
0.004003520600950891,-0.136408022319904,-0.1471672408351717
-0.023998248015915394,-0.14337374482083212,-0.1538533676642201
-0.05611297645504331,-0.15059126143585783,-0.16078950200271094
-0.08289106187869055,-0.15796126405464764,-0.16790685236618547
-0.1089236628362544,-0.16534842262584834,-0.17502592724071844
-0.13525087602031724,-0.17256350280077604,-0.18195087007158114
-0.16429624444285876,-0.1793827006393538,-0.1884650343172611
-0.19084046670280833,-0.18555167942596176,-0.19431445803578795
-0.21948883532485716,-0.19080321316906745,-0.19925173216689834
-0.23842668188055005,-0.19490718944744861,-0.20301237651002652
-0.258159933803618,-0.1976474272852559,-0.20536790421723186
-0.27480074934355625,-0.19884189410158026,-0.20612894193795445
-0.2894114835149387,-0.19834767544499987,-0.2051229691276117
-0.3064166091381474,-0.19604305971167985,-0.20222410180454867
-0.3167801066401794,-0.19187303118442253,-0.19722947028401144
-0.3197998574611801,-0.18581431483692123,-0.1901958332695881
-0.3291241814128447,-0.17787198655431577,-0.18126544583185966
-0.3267175325208068,-0.16811507532374953,-0.170487553826484
-0.3237148016726219,-0.15665591016046504,-0.157903511923339
-0.31938941340841415,-0.1436702202603496,-0.14370445364262904
-0.31682171439895257,-0.12937179083655032,-0.1281121312134032
-0.30103372192469274,-0.11400004499909243,-0.11138040639929507
-0.2849787131225005,-0.09784071609115275,-0.09383087388746643
-0.27485759356483874,-0.08122044763544448,-0.07582946154247225
-0.26079676984596684,-0.06444271513656656,-0.05770874628253129
-0.23715640788461073,-0.04779585302373137,-0.03979215938529967
-0.22090218801037842,-0.03154238344303859,-0.022368691951125102
-0.20500804907952766,-0.015929612728383166,-0.005616714323672598
-0.18458430725695765,-0.0011794220230479393,0.010193298791601711
-0.16809095599243162,0.012519213512996407,0.02485933674558892
-0.15415163103631246,0.025034773774409345,0.03823876095341463
-0.14033754809901572,0.036279035450136624,0.05024206389101821
-0.13219070602432967,0.04619458027558121,0.06080901720970352
-0.11974299861085935,0.05474797844386307,0.06989867555931892
-0.11000393075844601,0.06193385456260227,0.07750359021000054
-0.10410376563102221,0.06780622554511441,0.08369488861952072
-0.10012205606935257,0.07247129180585957,0.08847811858588335
-0.0960282074330505,0.07605150321972376,0.09209961969346445
-0.09322000724324435,0.07870764895600332,0.09477947912620922
-0.08396097794195952,0.08062876375169752,0.09669503500119442
-0.08295813422048719,0.08203313303506789,0.09802610442062039
-0.07649592055745934,0.0831208492218998,0.09899627367682431
-0.0699941997363841,0.08413459093242934,0.09986300501078123
-0.06226826538551256,0.08531529213908691,0.10086793171202264
-0.05177722921392134,0.08685559335216017,0.10221616690943869
-0.039693344694850106,0.08892205874852235,0.10408458974427448
-0.02994060145116585,0.09163205163116266,0.10659473091016139
-0.013969400653730694,0.09501851351163099,0.10978839512799667
0.0029851144659510612,0.09905533482144882,0.11367667588298493
0.018060343086270903,0.10367797980152547,0.11817662486287679
0.03524206136882608,0.10882437694598063,0.12316674941117721
0.05052331673361515,0.11442802401560834,0.12856638085390115
0.07243341466351434,0.12038678270544537,0.1342813192801591
0.09121047059665977,0.1265627101040167,0.14017109206862932
0.10586454726015024,0.1328074358511312,0.14610099425147546
0.12038041119038387,0.13895319062881295,0.1518892188775107
0.1409369415312496,0.1447764861628187,0.15732231811034655
0.15526194332717486,0.15005937168124336,0.16216940643549188
0.1738525580096081,0.15457133234785103,0.16620980644816355
0.1851252436983919,0.15808609083134284,0.1692368286636627
0.19578663377734737,0.16041959133628858,0.1710322244802439
0.20549775034368375,0.1613910612528756,0.1714113060576734
0.2141757776999439,0.1608669100332862,0.17023498824232203
0.2201589060674859,0.1587812619097101,0.16741770716471852
0.22558390416609767,0.15510169907162433,0.16292690154248238
0.22706416430344353,0.14985372536333744,0.1567988617943097
0.22772426105251137,0.14314273210562922,0.14912385898249253
0.22774422454033505,0.13509550399566453,0.13997615831161625
0.21937956670303013,0.1258760057048577,0.129577823263784
0.21141696111583091,0.11566089848791698,0.11814082719449323
0.20324959333486525,0.10465917576146358,0.10592068874827937
0.19205614715891994,0.09307398302471695,0.09306278793283514
0.18009927920954744,0.08109946566794786,0.07978499137445198
0.1720215996747997,0.06891291629040741,0.0662749599948558
0.15465203755295096,0.05666660486684446,0.05269641918423919
0.14279193578800836,0.0444882258012373,0.03918985389210959
0.12705080482153439,0.03247859087110435,0.025862765284368268
0.11580549277135496,0.020725529847214944,0.012814370368400841
0.10349237547691327,0.009312435424380414,0.00011758842787115416
0.08443780167428508,-0.0016757922750381114,-0.012147201217635226
0.06990348076835237,-0.012173632441247674,-0.023892376601450944
0.05203434558519848,-0.022098701735052583,-0.03501547786886041
0.04302588737194359,-0.03135977261200883,-0.045462569717085524
0.030425980478510202,-0.03985466754941547,-0.05508117841530602
0.02277040142963634,-0.0474684904879233,-0.06375456871573965
0.009817387340029208,-0.05405033757832142,-0.0714225505378573
-0.0007754540031951099,-0.059485437270884255,-0.07793440852824932
-0.0043236493487433265,-0.0637181818733898,-0.0832148085921251
-0.011455666909184169,-0.0667471580280605,-0.08724115186462192
-0.014612798056282928,-0.06860283973814241,-0.08994436540898158
-0.017380807204793635,-0.06936569514313862,-0.09157991605262482
-0.013728213968761413,-0.06914157250911618,-0.09218046704462562
-0.01734270993899487,-0.06805774624299861,-0.09184343798290907
-0.015743645347405567,-0.06627255876199667,-0.09071766303403525
-0.017338585865209206,-0.06394926645339706,-0.08894128361322856
-0.011700905772292778,-0.06122325913498893,-0.0866558152330734
-0.007242563492713898,-0.0581792756919685,-0.08395460884211924
-0.009263471765564742,-0.05489786498012366,-0.08090553873895888
-0.005618338841848515,-0.05143891570687021,-0.0775619380546339
-0.002654395087624919,-0.04784529406495946,-0.07396266143358077
-0.0025559439832714462,-0.04415010610557455,-0.07013954150058223
-0.0029196523199753474,-0.04038514203613589,-0.06611748806211852
0.0031638503974431176,-0.03658002044247299,-0.06192445005438899
-0.0016013864931215967,-0.03275990382211082,-0.05757881451687616
0.004051479967294467,-0.028950710750978745,-0.05310618698352734
0.0035073385371275486,-0.02517533773238613,-0.048525241887273717
-0.001915031320606537,-0.021450437265587503,-0.04385574234628049
-0.0022833331629327786,-0.01775835880888783,-0.039082323120929366
-0.011776657296506381,-0.014053042065560394,-0.03416173740090315
-0.007959693120983801,-0.010292602042048857,-0.029054469400182498
-0.013479340409156191,-0.006458312848336445,-0.023747741953737397
-0.018481910083352027,-0.002583907789214424,-0.018286198249874392
-0.016983397894098487,0.0012778068599490747,-0.012739918174850854
-0.026621153126703177,0.0050785122904070685,-0.007171125626238435
-0.02751480183749988,0.008781560986011284,-0.0016363860228381722
-0.03221647282567965,0.012352668310319516,0.003811547978509811
-0.03732168668604256,0.015748607194182307,0.009104634189426591
-0.04078988228641236,0.018924107695152233,0.014179320942207663
-0.047531528927817666,0.021843432897882823,0.018978339908160075
-0.05458407969665791,0.024468744518066608,0.02344831710435549
-0.063913749356859,0.026786315246119005,0.027556051601425866
-0.07401025145149766,0.0287936685982602,0.031284517446504866
-0.08196081357667137,0.030486363761794956,0.03462779759922277
-0.09582228123560572,0.0318675011408562,0.037578411016338305
-0.1072368405363238,0.032958567795431284,0.04015404243535478
-0.12341398059561923,0.03381237469748862,0.042403325480712385
-0.1334555279106905,0.03451850219671581,0.044419986280254814
-0.1507242281066217,0.03518014665479476,0.04630230609128043
-0.15866083852758603,0.03588585520397877,0.04814733836596059
-0.1738493388720025,0.036703571926382274,0.05002831221018545
-0.1888946462384265,0.037676644166846913,0.05198978704520842
-0.19571238547096828,0.03883643795292904,0.05407636220005608
-0.20223443109999723,0.04021793315541253,0.05631627069204174
-0.20735675620458294,0.04181365260284869,0.0587127301724267
-0.21325363812905848,0.043560081912421465,0.06120829242911972
-0.21043007945489495,0.0453827159180252,0.06372918095852516
-0.21117636467081702,0.04719933941219853,0.06619970141713287
-0.20488588304833727,0.048904186079348065,0.06850900534228951
-0.2034923809106981,0.05038122492115961,0.07054060863135629
-0.19646684850049617,0.05152705285854427,0.07218234322614112
-0.18408115656443336,0.05226334318970699,0.07334481486324984
-0.17751428270180503,0.05254382436250144,0.07398043961999715
-0.16818034268379292,0.052342439142898475,0.07407864894886346
-0.15400689057748815,0.05167320776369285,0.07364552105043304
-0.15388250294254224,0.050587966306489,0.07270823035398176
-0.14423564086850635,0.04914138912264508,0.0713305448093232
-0.13342057810644173,0.047402374839700605,0.0695935948245477
-0.12690726851072254,0.045450837067590275,0.06757466163550288
-0.11355313305548725,0.04340009164035878,0.06538944659272387
-0.10840056695596773,0.04135987779265681,0.06315460756766204
-0.09725864732405079,0.039387486216650655,0.0609225929551752
-0.09381466739820876,0.03749790140040542,0.05870437989168645
-0.08161474675208884,0.03567989511820228,0.056484497278856016
-0.07397317731816762,0.03391475413498082,0.05424092300065762
-0.062279898585580966,0.03215574389125301,0.05192242391144213
-0.05174009226179524,0.03034908267469487,0.04947319168477376
-0.045077611831446936,0.028472966837819493,0.046868198804432715
-0.03450259074450851,0.026515408944731866,0.04409995583220103
-0.02055060599388668,0.024441575444049086,0.04113154581728156
-0.007757959543906325,0.02218146215189476,0.03788927319842468
0.005791502621167918,0.019649539526382535,0.03429225663237585
0.019508831819591985,0.01671891414113594,0.030206028766618445
0.03302296251889991,0.013247533411702761,0.02551747059774242
0.047109829672056826,0.009143413130922104,0.0201436357058617
0.05810944801873033,0.004391239067038356,0.014038641412516269
0.06901122943855785,-0.000969622555002724,0.007266260588167211
0.07699967339838135,-0.0068596712743561284,-7.714247082672681e-5
0.09325975172672203,-0.013181862624733658,-0.007902930043761719
0.10031615520719844,-0.019839874266485032,-0.01610918402337397
0.10865211790290345,-0.02671060602026079,-0.024566182352094533
0.12021939991124125,-0.0336386709318185,-0.033097716945227625
0.12936357161366738,-0.04045950918130325,-0.041531613146103916
0.13381670589012332,-0.04699704467342664,-0.04967686239966257
0.14251368812947587,-0.05310182826708489,-0.05737542813275976
0.14128484019474016,-0.058643288389578455,-0.06449435286467504
0.149306252188944,-0.06351203590633009,-0.07089191411244194
0.1587176958474426,-0.0676332456234872,-0.0765126448074362
0.164182081746566,-0.07096088598547844,-0.08131171353238689
0.16888026283704108,-0.07346644350241795,-0.08530116206540655
0.1805105731047651,-0.0751444969349647,-0.08837813112389327
0.18352433648088534,-0.0759848623078313,-0.09054076130754406
0.1939729505441156,-0.07602092722223953,-0.09183906661732388
0.20113903798837138,-0.07529551684024331,-0.09233927736303225
0.2141590110071695,-0.07385914471543546,-0.09209860948207169
0.22420238634593007,-0.0717853908840522,-0.09114153720579321
0.23508032184495692,-0.0691750884562302,-0.08955451600253836
0.24096921879623376,-0.06616530837172756,-0.08747270736111985
0.2511816756591845,-0.0628934307002007,-0.08505362309472438
0.26151111141243255,-0.059495792593244966,-0.08242768439150146
0.274651419949924,-0.05610425106489563,-0.07973164239955004
0.2847015113053996,-0.052868561267073594,-0.07712607522653961
0.2937375361135378,-0.049923352364786615,-0.07474397294805227
0.29624076371531094,-0.04737209369993385,-0.07270724937808228
0.30533141205929554,-0.04529899199661785,-0.07108136423897375
0.3068941774506089,-0.043778625884591194,-0.06995176904912569
0.30589089194309727,-0.042840343287486274,-0.06935624224238726
0.31349859239507966,-0.04245417493913735,-0.06923899133914153
0.3103543813146255,-0.04253620954164148,-0.06951876137784697
0.30676816614366764,-0.042960469849337456,-0.07008101031259271
0.3031671687430455,-0.043584735618578625,-0.07077055977570475
0.29735327652018,-0.04425398722933101,-0.07142425713560839
0.28885861750699227,-0.04477571419103455,-0.0718337304330572
0.280981353687093,-0.044949280808218556,-0.07179236537636309
0.2726313681335095,-0.044606707410773695,-0.0711134665129054
0.25866450949158104,-0.043620429728903426,-0.0696498317650176
0.2508278301615811,-0.041894250493525034,-0.0672222230519887
0.2380663779277683,-0.039360467628176944,-0.06382832392488742
0.222310713164709,-0.03599475091975675,-0.059471876742496224
0.2075318663023171,-0.03180125708338902,-0.05409518349066858
0.19675925643010705,-0.026819342551315448,-0.047726387288104286
0.18561411495515567,-0.021138355898239775,-0.04042019646286061
0.17020776222637907,-0.014891156745829871,-0.03241240703333921
0.151826541029857,-0.00824681217968547,-0.023836210743452022
0.14297039495536037,-0.0013762409471433927,-0.014865857939563354
0.12504918065454046,0.005571807063123385,-0.005693983451886049
0.10810278162202251,0.012449722903354287,0.0035138713814746193
0.09235501793687383,0.01911732859446889,0.012597348947119783
0.0801132515743829,0.02545001440462378,0.021397460502009656
0.06304986857198926,0.03131182646939568,0.029768604443093573
0.049891977271510464,0.03657443563671764,0.03754491782112252
0.03383923061165532,0.04111886341733178,0.044538066008533675
0.018911602464922714,0.04484174695110715,0.05068625951287114
0.006454038082940857,0.04766541563666352,0.05585184734336097
-0.004721164511520695,0.04956542047125545,0.059982274413266916
-0.024269947361840714,0.05055823429155833,0.06308397952651135
-0.04126366785223176,0.050703734825175636,0.06520032875881521
-0.061504837526811504,0.05006542493839289,0.0663230108304105
-0.06842303266126099,0.04872305151924751,0.0666558220398961
-0.08719109414094457,0.04677094926123777,0.06625118920672192
-0.10127533898617037,0.044318746221268884,0.06519622009613293
-0.11771335089737434,0.04148728107715845,0.06360864514718789
-0.13449983205310642,0.03840978369979693,0.06164315286260578
-0.14694899700094888,0.03520166036005221,0.05943367564769939
-0.16027510848128756,0.03196033117847269,0.0570854076218326
-0.17931844580594314,0.02876007811230705,0.054691750968073986
-0.19314949647059199,0.025660206136072294,0.0523193712748961
-0.20723330831198583,0.022700196033372273,0.05001783663236349
-0.21833008796159292,0.019884997220540806,0.04780041071123096
-0.2343901573806958,0.017201771200852124,0.04565628696678977
-0.24704081593637028,0.014580273372700566,0.043519200527943
-0.2598368748950656,0.011954761036528172,0.04132444576044829
-0.26599697802212136,0.00929421932781393,0.03904074567715657
-0.28333152609995566,0.006591502607544924,0.036657754062580455
-0.2869669645760198,0.0038390448326411416,0.034160765347764896
-0.2973384612039276,0.0010276339614089074,0.03153003588888032
-0.30603190571995154,-0.0018763838658542148,0.028716725344579617
-0.3161006350982468,-0.004924248579843133,0.025654999954065796
-0.32366012124370097,-0.008167991653587956,0.022276330263013733
-0.333092578705042,-0.011654303375431024,0.018533487052903766
-0.33716122831141043,-0.015447170408629923,0.014316683351792455
-0.34513924994741957,-0.019606436828653723,0.009589291322561151
-0.34537313479073606,-0.024149903305454627,0.004335861250119392
-0.34987527417059433,-0.029071274662274455,-0.001466272484789104
-0.3500873800361044,-0.034349746369485665,-0.007795675638031751
-0.3417307435908249,-0.039947905815630326,-0.01461069138692522
-0.34197184731366637,-0.04582723744504654,-0.021890952413434413
-0.3342096479142975,-0.05193132984430978,-0.02953575276107366
-0.3281425141493041,-0.058188128525965874,-0.037461124267394466
-0.3207871104466513,-0.06452767753939317,-0.045587961346944095
-0.3073742164706505,-0.07088832362561269,-0.05384007865713423
-0.29423297175030527,-0.07718145413855666,-0.06211629592578599
-0.28054084385162587,-0.08328225516334081,-0.07028154923048342
-0.2699208475645877,-0.0890504722529806,-0.07818302844995381
-0.2536330455427522,-0.09433285546551119,-0.08565002100444437
-0.24342927666081954,-0.09900692234467076,-0.09253364635885444
-0.2259731497723638,-0.10297565859787788,-0.09872093404082302
-0.2124580588648974,-0.10616966129829256,-0.10416459163304692
-0.20089844059816456,-0.10853843908843772,-0.1087567694639739
-0.18359548049874966,-0.11006899945296934,-0.1124996624956251
-0.1757408114441377,-0.11078524995824374,-0.11540827387134947
-0.15280535422917058,-0.11076555742310581,-0.11752364382373255
-0.14451103909765167,-0.11014635755559661,-0.11897117197597903
-0.1293155028299659,-0.10903980651513005,-0.11988177033982778
-0.11557259615334424,-0.10756034687246875,-0.12035125514832974
-0.10157446908587763,-0.10582791808448512,-0.1204961184373858
-0.08122620323071045,-0.10392377085013943,-0.12038227027748152
-0.06881115359905393,-0.10186972612800262,-0.12001422467791895
-0.053521260409072596,-0.09966218312451602,-0.11939552742220565
-0.03293013633992851,-0.09731389387836882,-0.11851153798651935
-0.01615157637787204,-0.09483172452463214,-0.11735574209351288
0.006932031462280608,-0.09218835202292781,-0.11589982885568018
0.025015246575309465,-0.08933069754233662,-0.11408389041874728
0.04966722667982786,-0.08621809559109986,-0.11187363215021529
0.07036590198763003,-0.08279313034900782,-0.10919649946908354
0.09542302754442622,-0.07896491386702342,-0.10594423480628354
0.1205195589186669,-0.07464942759051073,-0.1020470457848256
0.14550415377637907,-0.06978183840716864,-0.09742870604045925
0.1672306768376647,-0.06434288973912143,-0.09205210488463351
0.19235593675997448,-0.05836229498838816,-0.08598531076981035
0.2172348941858084,-0.051856857064853906,-0.07924387980918529
0.23813377494235113,-0.04484298679945161,-0.07186102556325304
0.2572798781470578,-0.037339129893858757,-0.06380493812166549
0.27794042041810296,-0.02938335665877523,-0.055161183299611755
0.2942296023334757,-0.021051785757012026,-0.04601534456817476
0.30783525675907153,-0.012431747964586876,-0.036460084388863875
0.3178892997426115,-0.003628280162096846,-0.026603196539196003
0.32250279469799337,0.0052176245974788924,-0.016597946660734594
0.32400089004652416,0.013979958660677668,-0.0065763733583838295
0.32746622635751765,0.02259893728471959,0.003390895412257212
0.32607145945788446,0.031071670746358925,0.013289057961623208
0.3181169673670239,0.039415676523127,0.02312794200961046
0.30751170377544623,0.04765158787929792,0.032920683321998184
0.2995624040135236,0.05580350582413412,0.04268463463665896
0.2904612648280779,0.06388401643255288,0.05242302829396224
0.2801565383614173,0.07184744374874692,0.06207666952124771
0.2657265792702763,0.07959381513167796,0.0715366217755057
0.25972811630818704,0.08699102132687646,0.08066255842290061
0.2474384245657769,0.09388826377839798,0.08929398012933513
0.23857454146277654,0.10011153403136169,0.09721650813215592
0.2319567497662936,0.10550461724983792,0.10431919925768528
0.22501693037920636,0.10989087961978398,0.11042050801047001
0.22171043562997506,0.11310306514156049,0.11531128048122395
0.20952181704547373,0.11501154640262823,0.11885257257026734
0.20354607239992079,0.11555349674519158,0.12086920978764505
0.20325530929312405,0.11471893306004348,0.12139219517382353
0.19297728253324425,0.1125773409068173,0.12063351061867111
0.1827235895307734,0.10923454990046026,0.11856240455841233
0.17382391917211532,0.10481973854301802,0.11530669325171626
0.16314672182501835,0.09949148900924351,0.11100508716115866
0.15627974590652283,0.09340394093157187,0.10581345660668787
0.14104361620882272,0.08671616704666671,0.0998917281362964
0.1274578578267733,0.07958023422060215,0.09339059174463923
0.11320596186768339,0.07216058521967297,0.0865110309048781
0.099361019687228,0.06458607145183194,0.07938125310311168
0.08285489652685257,0.05693903797787164,0.07208797412687967
0.06424945120507818,0.049268211674050495,0.06468734256194471
0.04236547396003458,0.0415897658948783,0.057195050959575555
0.02284857577600413,0.033913169371574244,0.04962382267434347
0.0004895042547572613,0.026252499865632616,0.041990004465045354
-0.019641934900080472,0.018597140695758504,0.034283579567159175
-0.04465508236766891,0.010927749852426193,0.02648630488191303
-0.06292585627815839,0.003250221560618189,0.018605953820374617
-0.08772381218436526,-0.004418831116628334,0.010660249556256787
-0.10705280159843228,-0.01204995492568821,0.002681537156774282
-0.1274827977430362,-0.019598370563041593,-0.0052812190873834505
-0.14466865754878258,-0.027030771348813744,-0.013191272369321645
-0.1645967453473562,-0.03432907725938125,-0.021028409538000642
-0.1731881582121208,-0.0414967763824594,-0.028796087984338966
-0.19018148933326706,-0.04856662561319537,-0.03652724827165107
-0.1981951341180829,-0.05556220931941566,-0.04424811366217834
-0.20675505078400988,-0.06250465228367147,-0.05198254475596903
-0.21177469966757592,-0.06938709348605376,-0.059722052622007936
-0.21778689635342116,-0.07614997759301878,-0.06740557425478373
-0.22347829111243622,-0.08267887440451344,-0.07491689220560699
-0.2235376943705178,-0.0888377612361237,-0.08211095830352932
-0.22435204853091112,-0.09447720642801435,-0.08882883401081551
-0.22669443407045153,-0.09946265324372074,-0.09492128136351176
-0.227567673043056,-0.10370562506735033,-0.10031821052739533
-0.2286930619354007,-0.1071541638113664,-0.10494181623897375
-0.22582492594470008,-0.10981302246579183,-0.10881649714367973
-0.2258780763231846,-0.11169944944075152,-0.11191961031053026
-0.2296988618147406,-0.11285413172605782,-0.11430967014667891
-0.23217995290283513,-0.11330138042339007,-0.11599759792842915
-0.23183481259046432,-0.11307887805383249,-0.11702206374415798
-0.23464619423406835,-0.11225464113316196,-0.11744810296651889
-0.2414034171765433,-0.11095666911571472,-0.11737875692791863
-0.2468812355861412,-0.10931141214462653,-0.1169361397489925
-0.24733728623314163,-0.1074628275918036,-0.11624527048536774
-0.25649905154609925,-0.10554163558155581,-0.11542152141404584
-0.258009682280498,-0.10362578334426535,-0.11453503165739465
-0.2627315958996405,-0.10172446246373652,-0.11358306645706177
-0.2679867500232689,-0.09981563119932346,-0.11253047786716507
-0.2722523525880389,-0.0978704221303998,-0.1113369346289187
-0.2744830425072579,-0.09585672629337136,-0.10995218549203863
-0.2753345242609437,-0.09374343772204069,-0.10834780535589097
-0.27185201873072445,-0.09151172858396937,-0.10649568466799006
-0.26676702790167206,-0.08916405988089396,-0.10438535830517967
-0.25928988531461455,-0.08671115309941914,-0.10203904588529962
-0.25189651067444746,-0.08415249935422496,-0.099453150711427
-0.24041991733121534,-0.08148993142037635,-0.0966315513836707
-0.2267078844621366,-0.07875726995744206,-0.09361868604423221
-0.2133620497189762,-0.07598620520645286,-0.09045280035187651
-0.19647924736278236,-0.07321193703206262,-0.08717970399833995
-0.16793474271835793,-0.07042921787059742,-0.0837946853074048
-0.15211851447635175,-0.06761107433088234,-0.08030399861331596
-0.1254615212067696,-0.06473304503342976,-0.07668805905825248
-0.09964547655309818,-0.06178514603453026,-0.07294682866805714
-0.07951227599714612,-0.05875585147728309,-0.06909801248294074
-0.056174174637054056,-0.05560842519408436,-0.06511134091654074
-0.030616347118095927,-0.052302394782826354,-0.06095484155300891
-0.005913591385249389,-0.04880432668849698,-0.0566044461384396
0.016824654233562053,-0.04510155043544511,-0.05205391945941681
0.03725595334893704,-0.04117747012812178,-0.04729205059338211
0.05676612686592025,-0.03701976748380856,-0.04230981318102302
0.07130645531173094,-0.03261551240675687,-0.0370952630562757
0.0881585020797553,-0.027954783591500033,-0.031637092026300884
0.10202014253179494,-0.0230179385690237,-0.025911680944525596
0.117588180865843,-0.017796268305540913,-0.019904378357465256
0.11820466983641441,-0.012282708975351697,-0.013597586718882934
0.1376332245040241,-0.006484135368238413,-0.006999618186649738
0.14633634177856505,-0.0004241652439095022,-0.00012694722044235497
0.14779499810309296,0.005857509347476967,0.0069923831745650625
0.1566588087303501,0.012304874968237269,0.014316207279973191
0.16115631697849106,0.018834979878224706,0.021754690679626904
0.16934894118739982,0.02535653915964425,0.029213452890935448
0.17336966975990045,0.03182659748247255,0.03664864860160616
0.17105288983402492,0.03828166709792053,0.04410122029379535
0.1798860374824878,0.044768787946950536,0.05161796863900091
0.17549269817689647,0.051294014543732024,0.0592065561486444
0.1815973844185306,0.057850772998439715,0.06685620907053914
0.1843443246260964,0.06441578313874403,0.07453814643821258
0.18544518057755938,0.07094651535179475,0.08220557077055132
0.1847286411879028,0.07740166561615296,0.08981660418535999
0.1870858061728155,0.08371584235691867,0.0972986838870144
0.19581014087705406,0.08982170943846912,0.10457203425623297
0.19960616515724863,0.09565564404820483,0.11156496157964658
0.20696758690172415,0.10118617167254493,0.11824544836857119
0.20762702085632426,0.10637684969635297,0.1245627914958455
0.21089795599748806,0.11122926432410286,0.13050862905476932
0.22144601511430625,0.11574747821844071,0.13607855709743968
0.2241366906784459,0.11992382006030267,0.14125451970158975
0.23155169596023698,0.12373582583137806,0.14599832713963828
0.23743317766252756,0.12715014099756447,0.1502682117143356
0.24790944533087356,0.13014874078119984,0.15403609304707644
0.2517895829274935,0.13271655723575243,0.15725979900834475
0.25648376951797935,0.1348393312529106,0.15992719226234398
0.2633048885417379,0.13647556362852958,0.16197649890692414
0.27000213378749605,0.13757322960443694,0.16334018041768636
0.27279699824223363,0.1380791490286557,0.16395688659725569
0.2753983898710823,0.1379453316864271,0.16378650576904014
0.2736859091668393,0.13714279500153745,0.16276635393702005
0.27603524380319144,0.13565648132903013,0.16087668620541762
0.2750714141516162,0.133496038885996,0.15812258884821317
0.26906927475707615,0.13068489283721094,0.1546067950969752
0.2651433706839653,0.1272364605649053,0.15029533319649577
0.25807267077950574,0.12320383650537053,0.14526065178353423
0.2465730356764675,0.11863951756527351,0.13956988826243458
0.2334493098244751,0.11359000681519346,0.13328493751816414
0.2218992547693632,0.10808809617747302,0.12645536486510384
0.20657502406942646,0.1021887106545552,0.1191449085334896
0.18872036356571087,0.09594101096072995,0.11141511942152864
0.16761948626356707,0.08937420285575236,0.10329930899685688
0.15246185866274062,0.08253617443328432,0.09486757410506252
0.1288906947423964,0.0754741186839571,0.0861731904503757
0.10593523745613811,0.06824810246037656,0.0772795911199
0.08174694696094821,0.060956188445704614,0.06829517485819134
0.061282583805278984,0.05372586295363317,0.05937170193258498
0.03843350583797061,0.04669261681272594,0.05062829509138559
0.012665069527530859,0.03996982844902125,0.04219819518039304
-0.00600442888157901,0.03363151655608695,0.03416466110198276
-0.025586743177320743,0.02773582853946069,0.026551755844459943
-0.044186996960186437,0.022333316179279358,0.01943524133412105
-0.06529018760257838,0.017445525488374972,0.01284618468811065
-0.08201504920742135,0.013084667056892645,0.006798459094829275
-0.09786170179063515,0.009257822920688065,0.001300165481664043
-0.11123035316442667,0.005947534509636201,-0.003660407126121326
-0.12626208802953606,0.0030996690046780125,-0.008137474667772733
-0.1351847424871633,0.0006220076928156307,-0.012219432497469063
-0.1465165595619369,-0.0016245396623033954,-0.01604942586530086
-0.1555173061114509,-0.003819046637561069,-0.01982194711753661
-0.16572484461400885,-0.006163515970492289,-0.023748864659037236
-0.17244067176772335,-0.008844060703185158,-0.028001229492225246
-0.1867366184000815,-0.01202495033395305,-0.032726392472860785
-0.19587176416886726,-0.015841701588159833,-0.038065126743693625
-0.20855793152002391,-0.02041681205036117,-0.04413033227483392
-0.21689275765366414,-0.025844906162506103,-0.05101104915294746
-0.23316847072134145,-0.03218323285444828,-0.05875388582310422
-0.24865499022052334,-0.03946412218905314,-0.06743794444315894
-0.26543427663524516,-0.04771246856199912,-0.07699842329831535
-0.2799927665836516,-0.056939002161285716,-0.08740437139735474
-0.30503049703015783,-0.06711869429848506,-0.09872411780001872
-0.31909343570558746,-0.07817933341284306,-0.1107523306148569
-0.33545852692209766,-0.09000889632473096,-0.12343192627302264
-0.35636448362121914,-0.10245800271002382,-0.13655715882386127
-0.37904329579935764,-0.11534948496896653,-0.14988933668361457
-0.39194907007224833,-0.12847474250807647,-0.1632338356414809
-0.41541093501945986,-0.14158114966671306,-0.17633472478359957
-0.4266596330748895,-0.15442304817362495,-0.1889579106720558
-0.44389970169209175,-0.1667504022171135,-0.2008673667489961
-0.4481601622707386,-0.17828932681484572,-0.21176079976704804
-0.460892967516746,-0.188784021613977,-0.22140092531858466
-0.4669157055836599,-0.19802793527717236,-0.22966803462825638
-0.4718986630261104,-0.2058703529834435,-0.23633535620327537
-0.46831527261307276,-0.21223334430004936,-0.24128978947925445
-0.4627346439978615,-0.21714557517850547,-0.24467717855874047
-0.45460521060057973,-0.22071514549124524,-0.24664939250220838
-0.4419038848976197,-0.22306850418289847,-0.2473440972852286
-0.4280352815362298,-0.2243880303216122,-0.246913870618799
-0.40867344414594464,-0.22483490628316366,-0.2455526509774928
-0.3903584551198561,-0.22459624978045747,-0.2435043625323974
-0.3666900463051262,-0.22387274630449605,-0.2409734319178258
-0.3519571300357353,-0.22283470959724228,-0.2381635777426416
-0.3249998271597954,-0.22161869674700424,-0.23521339503304053
-0.3017490696954151,-0.22030035848783602,-0.2322152397657755
-0.28010778247657114,-0.2189375366916355,-0.22922384669942464
-0.25184775629134554,-0.2175726090983279,-0.22628191636199962
-0.23049764296702763,-0.21622894707139315,-0.2234081238543678
-0.20214464284766878,-0.21488322661488288,-0.22057335636462977
-0.1762723373560694,-0.21347070674183502,-0.21769711919720305
-0.15042648562365996,-0.21187556794899584,-0.21465582376629158
-0.12663855255488987,-0.20996179509716442,-0.21127269907857787
-0.09741095845427261,-0.20758921788124304,-0.2073788129854429
-0.06735458065738809,-0.2046415729189234,-0.20285896305208626
-0.04231498554038025,-0.20098923942857844,-0.1975526574576185
-0.013108953479429475,-0.1964880128568553,-0.19128907743640675
0.01924532379523697,-0.19102715802670214,-0.1839258350115523
0.04431753735544167,-0.1844883181734106,-0.1753092983114138
0.07573167167795622,-0.17676067660539255,-0.16533392191891075
0.11036331429255165,-0.16775608279063517,-0.15395549140266848
0.13654865254729232,-0.1573810860997853,-0.14106719146695074
0.16286062178524524,-0.14555266183286325,-0.1266717142495038
0.19565801417751186,-0.13220659362402779,-0.11060890363973921
0.2287605305822779,-0.11734572003535121,-0.09294684077290338
0.2588554080778487,-0.10103844409809488,-0.07383919904813384
0.2918914342107963,-0.08344808148748659,-0.05339666057512422
0.32291411011448296,-0.06479676259643417,-0.03187937399629502
0.3550698249873867,-0.04536259060624287,-0.00959393674607589
0.3852998488055534,-0.025418420605709827,0.013153466042819409
0.4177352600670473,-0.005247709231268569,0.03602468167662823
0.44226500082359077,0.014821260920705147,0.058622227583469896
0.47083281833800295,0.034463585525939484,0.0805418903046067
0.4989607761850229,0.05337941628629628,0.10146881964882576
0.5202870865707274,0.07126461701007379,0.12115461223103154
0.5426609333522197,0.087853662034089,0.1392679857420366
0.56559399449181,0.10293659658991156,0.1555779159298809
0.5834956742062998,0.11638827101578997,0.16994114756551734
0.5932392622658683,0.12812661098145703,0.18226673982709315
0.6053671872600578,0.1381114827383554,0.1925100734035
0.6134425134216394,0.14636653701500899,0.20069500094139972
0.6252081902419212,0.15299394825701856,0.20692661145773925
0.6221050850330834,0.15814950035374195,0.2113853096548656
0.6235351360979489,0.16202802768231156,0.21428796079059576
0.6223606353892598,0.1648408455982296,0.21586216158429974
0.6174113167286838,0.1668013953347497,0.21634599176541808
0.6104159539771439,0.16812165056432501,0.21598651589206724
0.6028461084176115,0.16899138328499771,0.21501075147366233
0.5931513727784008,0.1695976926387821,0.21362353474730497
0.5796137558954014,0.17010206776324702,0.21201249569791844
0.5664251400411858,0.17062817343218548,0.21032561334454125
0.5486800155584093,0.17126647487854868,0.20867025754365662
0.5349027010839655,0.1720775567028413,0.2071281261252857
0.5130965933198005,0.17310759484248073,0.20575759594186482
0.49630202718569333,0.17439278915013742,0.20459531142401918
0.4761650087824741,0.17592520527523006,0.20364684203719302
0.45164720801740205,0.1776651567027559,0.20287600009528597
0.4280527349318965,0.17952116004850133,0.20219610118983533
0.40335840296229497,0.1813930167294043,0.2015027413576541
0.37704402279722793,0.18319852282023003,0.20070363121790824
0.3483665953690901,0.18485320305879743,0.19970911199129748
0.32059479677969693,0.18623459556932762,0.19838873656199574
0.29167485148986877,0.1871875767833448,0.19655926583867236
0.2617442379652629,0.1875569565657996,0.19406724925239316
0.23256941585169202,0.18719515955589072,0.19074404605863937
0.19947104747497765,0.18594305323834365,0.1864158301923425
0.16460825439863844,0.18362983393709476,0.18089991341319492
0.1325395087718513,0.18005658600204735,0.17408654000729193
0.09921524454598309,0.1750386198427195,0.16570179396596443
0.05969634778460647,0.16840671983136246,0.1556976648038007
0.02279058482959246,0.16003361729503357,0.1438915934056791
-0.014122117491747847,0.14986470698796758,0.13024160864989837
-0.04369675064956669,0.13790389675402998,0.11475602989925272
-0.08218354900799948,0.12420736887903881,0.09751598899227577
-0.11389088311411918,0.10888866314663082,0.07866004549073992
-0.15088299805305608,0.09209093869138427,0.05836273880884032
-0.18570098702567617,0.07399371790853389,0.036827973798636296
-0.21692577581741415,0.05479524587934241,0.014292087250282344
-0.24257665054821118,0.03472634872222241,-0.008992092262175625
-0.2694766772036353,0.014067463908323023,-0.032707509193333185
-0.2948893393079534,-0.006847842713767443,-0.05648298143304419
-0.32006228610082216,-0.027671181498407024,-0.07991923303334952
-0.3436803519922052,-0.04804974404443244,-0.10259991857399367
-0.3605435272126912,-0.06767852548915211,-0.12425888458053702
-0.3795135234121722,-0.08629323265643443,-0.14468124355842787
-0.3940100554604722,-0.10368878724302401,-0.16360002530693063
-0.40605562029208514,-0.11970919308044077,-0.18086608148784147
-0.4219404875493803,-0.1342650901806861,-0.19638416364328753
-0.43364894672181303,-0.1473219211084592,-0.21012383614798175
-0.4444266461999506,-0.1588797807805123,-0.22209745149264498
-0.4504627754612802,-0.16896636365457854,-0.2323374247532845
-0.4570784362432417,-0.1776197979618637,-0.2408867775046023
-0.4579548276071726,-0.1848835585544432,-0.2477524238172477
-0.46918584414107484,-0.19081539383032703,-0.25291239786950614
-0.47557121775995653,-0.19548420309914866,-0.2565966911916691
-0.4806305176855788,-0.19898140457954303,-0.25896636915916627
-0.4787296739400081,-0.2013924087784863,-0.2600275641023177
-0.47859066781756715,-0.20283690776468305,-0.25995450046864693
-0.4793077428546521,-0.2034360293700881,-0.2587898183391483
-0.48024703712646316,-0.20328814806264103,-0.2566592123378401
-0.47239079724094213,-0.20250131039101416,-0.2536767664960652
-0.4671090822183099,-0.20118361921740346,-0.24995529187738935
-0.45999025677852307,-0.1994462264836253,-0.24565964244001984
-0.4504897579989543,-0.1974054110608127,-0.2408406766123847
-0.43205590041226105,-0.19515832214890655,-0.23566140210292208
-0.4161155801243404,-0.19274965278436132,-0.2301448542728995
-0.3956125296406489,-0.19023370683804383,-0.22439370603795694
-0.37220752319703654,-0.1876131591058033,-0.2183909450057309
-0.3496418050308342,-0.18484534333991132,-0.21211423168940974
-0.31923261291866784,-0.18186546502384332,-0.20550974183605536
-0.2887392861823867,-0.1785829345507772,-0.1984977754463171
-0.25363148351814535,-0.1748989513808016,-0.19100320362299777
-0.216097760558582,-0.1706841869126266,-0.18289534248770734
-0.18288418827408534,-0.16577738741637027,-0.17401399575920443
-0.13641846259705653,-0.16004573923248025,-0.16420230034322028
-0.09302309962678777,-0.15336109481818117,-0.15336593918579045
-0.04385291007799399,-0.145586124495365,-0.14133022504152357
0.003476708998704259,-0.13663412696778765,-0.12806918552871316
0.048352548633829616,-0.1264790262958035,-0.1135499886397476
0.09472250304654542,-0.11519045048251307,-0.0978612964911205
0.14740968772444932,-0.10290618246721958,-0.08114656638032638
0.1943345925518508,-0.08978150253357217,-0.06364245982656637
0.24239433292674023,-0.07598862392046393,-0.04544996919968967
0.2858099851503356,-0.06169563154851438,-0.02678020798232361
0.3291488118395614,-0.047071673731162694,-0.007825094255299606
0.36773778347990843,-0.03228878367858527,0.011203652444814216
0.41280593179841324,-0.017485687532974366,0.030137301961755042
0.4458459169954508,-0.002782855942791209,0.04882503813434804
0.4821308577133422,0.011736245997551424,0.06716134094071395
0.5096366820768545,0.026019660081335997,0.08506471245184696
0.5327590245907533,0.04002307260221085,0.10246102525364079
0.5560300841348578,0.053693462699400916,0.11928455120849184
0.5750425932650448,0.06695709346868448,0.13542109787764983
0.585586025396409,0.07974697622602395,0.15074707206136598
0.6068628727785915,0.09200078052428506,0.16526162045617213
0.6153323978759178,0.10366427877616097,0.1788774849492127
0.6288763064447742,0.11468762323666885,0.19153656620105805
0.6315216712675887,0.12504748800156332,0.20321905606673504
0.6365006278582903,0.13473831112261722,0.21386651133171347
0.6395577585277086,0.14373907718114493,0.2234363363652451
0.6366878619686657,0.1520253662110071,0.23191595613439606
0.6416346203565955,0.1595753590182785,0.2392909372466786
0.6388979574303032,0.16634572915596818,0.2454980723099839
0.6392490640084593,0.17229803115685766,0.25055825875819054
0.6348009467741469,0.17739318694756193,0.25437757929969235
0.6320009545925633,0.18157010138434784,0.2569863594230332
0.628704251149649,0.18479758310886074,0.2582542582794552
0.6231492902618936,0.18704837279319314,0.25818935062164233
0.6195320486261374,0.1883333996111311,0.25684015183404313
0.604644389127725,0.1886468314495174,0.254183300607563
0.5977595046626454,0.18797511327868008,0.25025412654759926
0.5799490146556743,0.18632937541648362,0.2450658516268286
0.5681455623148498,0.1837114929706851,0.23865412100415823
0.5506100010730308,0.18015503297608376,0.23107783990764957
0.5309002674279724,0.1757258294833639,0.22243112493554074
0.5048425221765774,0.17047434464432437,0.21275611864090427
0.47598265153043084,0.16446026440069345,0.20216778988590464
0.4401119174787887,0.1577047010505039,0.19066626936050682
0.41131423458008,0.15022536745868922,0.17835490949428065
0.3729312736286928,0.1420619523953718,0.16524236852444368
0.335316234161696,0.13326451249818383,0.15142311084814458
0.29743398414432826,0.1238761488867878,0.13695028615944405
0.25675823943461157,0.11395995925115114,0.12192168985820957
0.21389160128822626,0.10359838670546431,0.10642766292688208
0.1760279637782679,0.092875016977019,0.09056664272187112
0.13423574176149106,0.0818751899334751,0.07443739868145806
0.09246270072398603,0.07066417221780706,0.05811567616359653
0.052200262950291516,0.059279061436863165,0.04165127659016871
0.012486080726112292,0.04777353849247135,0.02511016963239932
-0.029549320285593605,0.036214148227120074,0.00857304621981112
-0.06575483129434785,0.024686453285042705,-0.007859113607288694
-0.10371685729766389,0.013278348976230989,-0.024086334061859796
-0.14607739115716112,0.0020645680439858164,-0.04002250683957057
-0.18094077650759424,-0.008907724697529146,-0.0556121903388801
-0.21723891535776704,-0.019634056700201536,-0.0708303020840081
-0.2530974968244254,-0.03013896335160291,-0.08569702361877722
-0.28841752877097043,-0.04046115568571331,-0.1002280661858507
-0.32078649427911715,-0.050661288783981295,-0.11446175287494305
-0.36022236350663206,-0.06080580038373379,-0.12844591753318327
-0.39424226481594066,-0.07098592156987542,-0.1422578308795639
-0.4238455169256378,-0.08130851137311436,-0.1559839368054006
-0.462620487490885,-0.0918533732381512,-0.16968406743217435
-0.49394467042583534,-0.10265578663979401,-0.1833659133924953
-0.5264785233926295,-0.11369338369679706,-0.19698753917984715
-0.5539570543732624,-0.1248922315164876,-0.21046447494410184
-0.5870228654542315,-0.13614693420162569,-0.2236251521020639
-0.6146686760560868,-0.14732797875050088,-0.23636978360694608
-0.644887825144899,-0.15827353539323155,-0.2485068461262039
-0.6698431839046162,-0.168833632710426,-0.25989635436995584
-0.6920455820980239,-0.17885563210459232,-0.2703748346111657
-0.710220305767796,-0.1881716621321473,-0.27976963322941933
-0.7273191077396085,-0.19661330992308987,-0.28786746392877666
-0.7433945993805143,-0.2040113414161452,-0.29453415644990505
-0.7571070506718753,-0.21019521013082185,-0.2995982481955935
-0.7668262956120211,-0.21501494892895984,-0.30288792843447854
-0.7688510860176936,-0.21838007048830294,-0.3044318178678949
-0.7722207184884289,-0.22024397502398407,-0.3041261599194958
-0.7720458495508354,-0.220555837998694,-0.3017483831491847
-0.7645670776196085,-0.2192895384491519,-0.29742805309429915
-0.757537687900489,-0.21646993977312326,-0.29121139352372416
-0.7431319596199234,-0.21213338101075604,-0.2832354104449444
-0.7264353891252887,-0.20635515873897403,-0.27357175420220814
-0.7075053868178927,-0.199208045034044,-0.26213571488256615
-0.6867872911865268,-0.19078609413539757,-0.24912968704652558
-0.6614503326389201,-0.18119507793423476,-0.23474882571367647
-0.6383373711223072,-0.17059080102599108,-0.21915850796804112
-0.6094322854510303,-0.15917707469981118,-0.20258881152524652
-0.5765345066448366,-0.14715481258515145,-0.18525712617459145
-0.5456073526413959,-0.13474978578689722,-0.16740506254156803
-0.5158105030593658,-0.12220006373450669,-0.1493171456181449
-0.4797870785591867,-0.10974110974963527,-0.13127523109011258
-0.44860271766322185,-0.09760123130333936,-0.11353642269223994
-0.41188414892965314,-0.08601916994661847,-0.09638183459163273
-0.3778725891810511,-0.07521446409437664,-0.08002457145105207
-0.34513827201390485,-0.06533991889286801,-0.06460920034277579
-0.31299488203933945,-0.056490982718424315,-0.050201151144113595
-0.2856631053147735,-0.04870334251408352,-0.03691831695529271
-0.25264878789493417,-0.041954689851140634,-0.024760594273053847
-0.2146993240942526,-0.036159108885157415,-0.013648849516508159
-0.1845002649997236,-0.031154370417594418,-0.0034403486515203266
-0.1521589371490707,-0.026738773408094094,0.006048309364048917
-0.12102297794238358,-0.02267820460679029,0.015047568683393922
-0.08504653363050167,-0.018733287276304838,0.023790297450581935
-0.048238066317369245,-0.01468475836086322,0.032496481439795354
-0.011672009068752598,-0.010353313983810569,0.0413429923304866
0.020106571373766556,-0.005598752095669461,0.050441600539692884
0.057977989934241095,-0.0002990448194494557,0.05991856510648507
0.09373541910444005,0.005638311213609658,0.06985297483435475
0.13539226412006264,0.012307707520680824,0.0803196740433807
0.17410591024146652,0.019783226702511487,0.09137067268940485
0.2123899259546401,0.028115077488273337,0.10303277555669504
0.2520940484131783,0.03733531980554157,0.11532163561614904
0.2946588357892133,0.04743389922930836,0.12820313961078536
0.3268687840858059,0.058338638494069464,0.1415831048312867
0.3657180294898302,0.06991616378905918,0.15531242830415362
0.3989201396286426,0.08201120461346509,0.1692139628559029
0.43516352758642896,0.0944371138332938,0.1831000759046643
0.46993204851806347,0.10696689895138971,0.19674174676747597
0.5002042530090606,0.11933866750140422,0.20988539667881936
0.527774815784234,0.1312818919782282,0.22225663276704422
0.5552385816774625,0.14252356067203606,0.2335627140037433
0.572148785219586,0.15281985542057197,0.24349606376926233
0.59166799427348,0.16198136425402435,0.2519997241188623
0.6115480101638534,0.16981563838775882,0.25885289189546273
0.6231900443287561,0.1762077624709626,0.2638379740847659
0.6312635772734241,0.18109019500469575,0.26694940141382784
0.6399114405408126,0.18442697826596258,0.26827135061898405
0.6389697807760208,0.18623514809855718,0.2677920743980318
0.6383624205096844,0.18655287378673582,0.2655039092637142
0.6370191122013996,0.18542851855690187,0.26145875668634794
0.6284805702095368,0.1829213130766805,0.2556766397944717
0.6247591933914346,0.17913346146295914,0.24830522964300344
0.6124044810603566,0.1741843140529695,0.23950133274108018
0.5985171601465006,0.1682764606754612,0.2295580714303103
0.5828402426212119,0.1616098261668885,0.21861241758402122
0.5657650123661426,0.15435941247929968,0.20688983567603997
0.5497670059423376,0.14671869746348054,0.19460734767549986
0.5259177893587254,0.13884607236530394,0.1819485788264209
0.5020770080820672,0.13088350587302047,0.16908978549578355
0.4883474750981478,0.12294796407710001,0.1561582947296148
0.45836255145055543,0.11512808119024102,0.14327248726399786
0.4369670185019403,0.10745686864407165,0.13048745385002095
0.413054451183612,0.099917321351553,0.11779035982823965
0.3902242402125063,0.09247138535712009,0.10516658681085642
0.36282308955187886,0.08508933014797695,0.09259340209105409
0.3375139960286244,0.07771108842255989,0.0800260477295762
0.31038535873339385,0.07023755382648902,0.06737965152503449
0.28118208111148346,0.06258317359071076,0.054585551346308284
0.2511840528414031,0.05468477124390027,0.0415928940457976
0.22508076411412617,0.04652444903436335,0.028393106607466377
0.19423782161971154,0.03812693576891878,0.015022642048718806
0.16593213979806679,0.029547486585719353,0.0015514544220487602
0.13018406226875867,0.020871366931650082,-0.01191978625993261
0.09865016718753657,0.012202546652109727,-0.02526964325907791
0.06740128956186683,0.003641844776884958,-0.038377882344404035
0.03173989472894713,-0.004725175860497417,-0.05114628836323512
0.003492775277117695,-0.012823711960427996,-0.06349233902303641
-0.026542144354551052,-0.02054291385090178,-0.07528168428669792
-0.05379043210898665,-0.027737069051212277,-0.08634555062554586
-0.08052808255697144,-0.03424227257926255,-0.09648275172214074
-0.10907307998464427,-0.03992678660063073,-0.10557523576966533
-0.13198291232167894,-0.04471903723889081,-0.11348308757060711
-0.16095843510328786,-0.04860561037400544,-0.12025290432290216
-0.1802236872366462,-0.05158098491323958,-0.1258727412875848
-0.199091426496746,-0.053684086286339895,-0.13027040770475634
-0.2173222981686923,-0.05497349049606781,-0.13353260858985966
-0.23628054152988456,-0.05553597879777159,-0.13583452742265928
-0.2520805463453784,-0.05548012792417385,-0.13721569559056918
-0.2655841990168056,-0.05495467816215471,-0.13779913662209675
-0.27998429461087976,-0.05411970375029474,-0.13772875236084442
-0.2930244264963313,-0.05312282579701169,-0.13713832942261012
-0.3075692332237493,-0.05212948864360598,-0.13620174550892353
-0.3194115251546731,-0.051289891858383056,-0.13505874422611375
-0.3318071199311229,-0.050746079412567396,-0.1338596634093876
-0.3448328124815567,-0.0506244401950191,-0.13273495756275408
-0.354115315060803,-0.051031532348234564,-0.13180025774646134
-0.366424642545959,-0.05203057302995994,-0.131129936859896
-0.37618964640841934,-0.05364153070290425,-0.13075537978674737
-0.3843531788309458,-0.05584219833410644,-0.1306662108936388
-0.3941093526801458,-0.05856791025827987,-0.130809674235421
-0.3984561280990328,-0.06170984313740243,-0.13109643038771546
-0.4017689041802451,-0.06510223201148595,-0.13137365396118864
-0.4026320899195398,-0.06855565395225459,-0.13146254975323032
-0.40484125799772447,-0.07186979999477536,-0.13116661080774955
-0.40436787084733905,-0.07484393868574522,-0.13028761728552213
-0.4040889444097204,-0.077308464987977,-0.12867319339822209
-0.3988722779272355,-0.07912316359468054,-0.12616469996645582
-0.3891656779974204,-0.08015211073603899,-0.12266291151839323
-0.386809573720694,-0.08028263191859296,-0.118088439285847
-0.37343269633980297,-0.07942575624843976,-0.11229938685400183
-0.3635156619736933,-0.07756672947997194,-0.10542713393184688
-0.34858977597230806,-0.07471899801606759,-0.0974155686372394
-0.3270091726522787,-0.07093847785828153,-0.08832278525974144
-0.30945771193046523,-0.0663449924555387,-0.07832245637600564
-0.2987227822131705,-0.06107611717836458,-0.06758198053867079
-0.2735348531786458,-0.055256302965085276,-0.05627263497972286
-0.25564682276037015,-0.049007177063373805,-0.04451586687798061
-0.23785356605976252,-0.04242075621409925,-0.0324203250309857
-0.21129152328419923,-0.03555259693345101,-0.02006527603859921
-0.1883803262852365,-0.028469107292267083,-0.007548157738423135
-0.16906894438027908,-0.02124804639618433,0.005028271131000481
-0.1449618699138388,-0.013921433388868787,0.017605664628798045
-0.12013954945472091,-0.006499771962967978,0.0301431502692756
-0.09726524162522729,0.0010134695716088648,0.04260933068451202
-0.07558848289643985,0.008651265061276954,0.05501131177024754
-0.052225498296688745,0.016477216104661113,0.06739179892823108
-0.02765424295237821,0.024586591743510054,0.0798254028115653
-0.013613317916931654,0.03308053808333307,0.09239066035649358
0.009490290981643102,0.04202365753031332,0.10515915463619029
0.025152397354723823,0.05146418071026645,0.11816343835258467
0.04508450565072119,0.061435267768309,0.1314056967509174
0.06894938946754585,0.07192816400918332,0.14487994144721886
0.08386988657851412,0.08289600169005805,0.15852574353616272
0.10568995468118786,0.09423781024274555,0.1722364766265803
0.12477702996484004,0.10579815931736247,0.18586014048290977
0.14362907152706134,0.11738923389711621,0.19922037987473065
0.15874691179907344,0.12880481189491752,0.2121357620085565
0.17760669411425808,0.1398205230215354,0.22434717416520747
0.191391347403344,0.15022347774790193,0.23564765102886887
0.20757863493402515,0.15983920174010427,0.2458382036703964
0.22410237336624048,0.168538115046629,0.25482624798120923
0.23876567125847792,0.17614986942974967,0.2623750675581511
0.24732787734885528,0.18253124612079683,0.2683464615520757
0.2656368170669538,0.18754223239607695,0.27272752111469467
0.27301967517141207,0.1910858036075767,0.27535284008268
0.28684464496442635,0.19309970074063812,0.27612338975508033
0.291782678683078,0.19354627171748498,0.27499991033284826
0.2999114259324295,0.19243360034199322,0.2718701803381155
0.31018894686312903,0.18980286541114216,0.2668100337164233
0.3116308384597779,0.18573084860967556,0.26004036555337406
0.3145837573897815,0.18033849809465222,0.2517311493905664
0.3124192929448684,0.1737921980751562,0.24193359600113595
0.3068278637856555,0.16627255694374896,0.23079189780067771
0.3060333763218431,0.1579653805350423,0.21856448566790238
0.3032900625003453,0.14904116049986713,0.20546323165411062
0.28990099776852807,0.13965831284814992,0.1916481097864018
0.27911888652933636,0.12996452025679064,0.17729320059564269
0.2700951109044425,0.12005999146187364,0.16251534845390336
0.26098782776534346,0.10999552931245889,0.14740180005253317
0.2480197804045499,0.09979144800302499,0.13199119671238319
0.2320412742375334,0.08943880576822082,0.11630350349864717
0.2201392260499353,0.07891553082660867,0.10034105800763488
0.2056166969773315,0.06818820810825839,0.08408913621407986
0.19210022863449103,0.057185694307385786,0.06749465549078354
0.17484336211385998,0.04581908131825018,0.05048102687670487
0.15844319013249883,0.03399867620279461,0.03296611199549362
0.1418310847115254,0.021648638425808518,0.014935785299568323
0.12839605218810382,0.008714127703443278,-0.003666187318920664
0.11465705813115887,-0.004832163716374701,-0.022859527303523752
0.09537537704251413,-0.018987188739468492,-0.042621967186556343
0.07728529124767204,-0.033713895161349226,-0.06289838595898808
0.057130137352937684,-0.04892155222681064,-0.08357848309753675
0.0418701265787777,-0.06444704858510202,-0.10447262272873274
0.018668513626651072,-0.08007499013749748,-0.125332501009304
-0.004780851966647723,-0.09558618276955737,-0.14590311558287158
-0.026848537936875482,-0.11078094424252642,-0.16596176375133329
-0.04724929022564942,-0.12546085279806285,-0.1853068417947342
-0.06934992576521412,-0.13943883461032375,-0.20370973210211685
-0.08650028899643454,-0.1525858674136702,-0.22099576587329292
-0.10879216424422947,-0.1648132198828999,-0.2370750552566527
-0.12810129484442317,-0.1760414076627111,-0.2518981409973288
-0.14171553196246411,-0.18621247652866513,-0.26537016243902034
-0.15727654827585413,-0.1953162015786488,-0.27744472383171886
-0.17092820241011297,-0.2033108640533266,-0.2880126470593528
-0.18710152522238555,-0.21017609936969314,-0.29712608357917225
-0.19792939530291215,-0.21589551417332267,-0.3047434070779076
-0.20400808788395913,-0.22046857869629805,-0.3108000469833086
-0.20570573936649184,-0.22391290974852962,-0.315356288008903
-0.20949032575116341,-0.22624163805896536,-0.3183858788104344
-0.21132494697546733,-0.22747930705414077,-0.31996948149652066
-0.20306213845089066,-0.22767886958666128,-0.32014900232738785
-0.20422414736906497,-0.22691183918939478,-0.31897654003862874
-0.2028686730123049,-0.22526123752470512,-0.31653371704673283
-0.19617941942766032,-0.22281200949685367,-0.3128987579100671
-0.18174245744616382,-0.21966740217240813,-0.3081717640070158
-0.1761431853870766,-0.2159140362122754,-0.30245093621522984
-0.16302151634753176,-0.21159712392180477,-0.29580987618753785
-0.1534927792720371,-0.2067296283253388,-0.2882807022809271
-0.1424491690427165,-0.2013141243663138,-0.2798294049186857
-0.12540946196991407,-0.19536043313569498,-0.27055092587245866
-0.11581162612526608,-0.18889538779778295,-0.2604579138275644
-0.10285014186431847,-0.1819836966693313,-0.2496082648855264
-0.09122701850525264,-0.17468998895862037,-0.23810836304781224
-0.07980346276218823,-0.16706589744456596,-0.22603522945869536
-0.07433478426316888,-0.15914375793811886,-0.21344252156261911
-0.05780267589007424,-0.1509414376557635,-0.20033835358931074
-0.052695089620380796,-0.14248994137306137,-0.18682133434322987
-0.04829516154081804,-0.13380742863065168,-0.1729120445825332
-0.04441681273233327,-0.12488271984850115,-0.1586113498973849
-0.03547741955957329,-0.11573135537597604,-0.14398103229368217
-0.03481342288445633,-0.10639802241095049,-0.1290790972240334
-0.03759533612342361,-0.09697379820248063,-0.1140210476386519
-0.03213388875228844,-0.08756728404818556,-0.09893667905861492
